tag,date,commit,contract,address,status,replaced_in
v2.0-19,2019-03-11T18:17:52-04:00,eeb271f4fdd2e615f9dba90503f42b2cb9f9716e,Depot,0x172E09691DfBbC035E37c73B62095caa16Ee2388,replaced,v2.18.1
v2.0-19,2019-03-11T18:17:52-04:00,eeb271f4fdd2e615f9dba90503f42b2cb9f9716e,ExchangeRates,0x73b172756BD5DDf0110Ba8D7b88816Eb639Eb21c,replaced,v2.1.11
v2.0-19,2019-03-11T18:17:52-04:00,eeb271f4fdd2e615f9dba90503f42b2cb9f9716e,FeePool,0xEBdBac38835A1105851e80C7Fa1f1E6e25A86e32,replaced,v2.4.0
v2.0-19,2019-03-11T18:17:52-04:00,eeb271f4fdd2e615f9dba90503f42b2cb9f9716e,ProxyFeePool,0xb440DD674e1243644791a4AdfE3A2AbB0A92d309,current,
v2.0-19,2019-03-11T18:17:52-04:00,eeb271f4fdd2e615f9dba90503f42b2cb9f9716e,ProxysAUD,0xED4699f180a14B5974c26f494483F9c327Fd381a,replaced,v2.10.5
v2.0-19,2019-03-11T18:17:52-04:00,eeb271f4fdd2e615f9dba90503f42b2cb9f9716e,ProxysBRL,0x5D609C25adAafd856021F92296C66dB602A0fcE8,deleted,
v2.0-19,2019-03-11T18:17:52-04:00,eeb271f4fdd2e615f9dba90503f42b2cb9f9716e,ProxysBTC,0x9073Ee83b6CE96C444547DdCAf777b9352163581,replaced,v2.10.5
v2.0-19,2019-03-11T18:17:52-04:00,eeb271f4fdd2e615f9dba90503f42b2cb9f9716e,ProxysCAD,0x0Bc209fB72390AF12bD6Fd775355ea0856864B31,deleted,
v2.0-19,2019-03-11T18:17:52-04:00,eeb271f4fdd2e615f9dba90503f42b2cb9f9716e,ProxysCHF,0x28AF5a2f0cC12F2f19dd946608c945456b52b3F6,replaced,v2.10.5
v2.0-19,2019-03-11T18:17:52-04:00,eeb271f4fdd2e615f9dba90503f42b2cb9f9716e,ProxysCNY,0x60feeeD05004476518281D43185fB7F52d9722c0,deleted,
v2.0-19,2019-03-11T18:17:52-04:00,eeb271f4fdd2e615f9dba90503f42b2cb9f9716e,ProxysEUR,0x3EB064766109D150e4362222df80638BcE00e037,replaced,v2.10.5
v2.0-19,2019-03-11T18:17:52-04:00,eeb271f4fdd2e615f9dba90503f42b2cb9f9716e,ProxysGBP,0x0C8A7D55ef593A2cAd34894c1523162eE2ffB9aC,replaced,v2.10.5
v2.0-19,2019-03-11T18:17:52-04:00,eeb271f4fdd2e615f9dba90503f42b2cb9f9716e,ProxysINR,0x74C80bB51Da1EAc2d40074c647CbD0ab6920063f,deleted,
v2.0-19,2019-03-11T18:17:52-04:00,eeb271f4fdd2e615f9dba90503f42b2cb9f9716e,ProxysJPY,0x559E848A1b6a7AfC69Ee27F8d20280A42628b2cf,replaced,v2.10.5
v2.0-19,2019-03-11T18:17:52-04:00,eeb271f4fdd2e615f9dba90503f42b2cb9f9716e,ProxysKRW,0xdCE506b196B0dF677d07e718f872CAc9Bc368A33,deleted,
v2.0-19,2019-03-11T18:17:52-04:00,eeb271f4fdd2e615f9dba90503f42b2cb9f9716e,ProxysNZD,0x26C0cb14470803120321b70aE85405ac298e5A42,deleted,
v2.0-19,2019-03-11T18:17:52-04:00,eeb271f4fdd2e615f9dba90503f42b2cb9f9716e,ProxysPLN,0xD9553f0fDa012224141AeCc1ECa0e29868fF7FE8,deleted,
v2.0-19,2019-03-11T18:17:52-04:00,eeb271f4fdd2e615f9dba90503f42b2cb9f9716e,ProxysRUB,0xDcB5821fcFDAB5553307b8f99591fC9DaA3C4be3,deleted,
v2.0-19,2019-03-11T18:17:52-04:00,eeb271f4fdd2e615f9dba90503f42b2cb9f9716e,ProxysSGD,0x632dB1c25C03dCAc8d23Ff2c9A4cEa34cbEffa1B,deleted,
v2.0-19,2019-03-11T18:17:52-04:00,eeb271f4fdd2e615f9dba90503f42b2cb9f9716e,ProxysUSD,0x57Ab1E02fEE23774580C119740129eAC7081e9D3,replaced,v2.10.2
v2.0-19,2019-03-11T18:17:52-04:00,eeb271f4fdd2e615f9dba90503f42b2cb9f9716e,ProxysXAG,0x6e5709515C767c907e43a03388cc816Bd65e797C,replaced,v2.10.5
v2.0-19,2019-03-11T18:17:52-04:00,eeb271f4fdd2e615f9dba90503f42b2cb9f9716e,ProxysXAU,0xe05D803fa0c5832Fa2262465290abB25d6C2bFA3,replaced,v2.10.5
v2.0-19,2019-03-11T18:17:52-04:00,eeb271f4fdd2e615f9dba90503f42b2cb9f9716e,ProxySynthetix,0xC011A72400E58ecD99Ee497CF89E3775d4bd732F,current,
v2.0-19,2019-03-11T18:17:52-04:00,eeb271f4fdd2e615f9dba90503f42b2cb9f9716e,ProxyXDR,0x62492F15cF60c5847d3053e482cAde8C5c29af88,deleted,
v2.0-19,2019-03-11T18:17:52-04:00,eeb271f4fdd2e615f9dba90503f42b2cb9f9716e,SafeDecimalMath,0x84D626B2BB4D0F064067e4BF80FCe7055d8F3E7B,current,
v2.0-19,2019-03-11T18:17:52-04:00,eeb271f4fdd2e615f9dba90503f42b2cb9f9716e,Synthetix,0x3772f9716Cf6D7a09edE3587738AA2af5577483a,replaced,v2.4.0
v2.0-19,2019-03-11T18:17:52-04:00,eeb271f4fdd2e615f9dba90503f42b2cb9f9716e,SynthetixEscrow,0x971e78e0C92392A4E39099835cF7E6aB535b2227,current,
v2.0-19,2019-03-11T18:17:52-04:00,eeb271f4fdd2e615f9dba90503f42b2cb9f9716e,SynthetixState,0x4b9Ca5607f1fF8019c1C6A3c2f0CC8de622D5B82,current,
v2.0-19,2019-03-11T18:17:52-04:00,eeb271f4fdd2e615f9dba90503f42b2cb9f9716e,SynthsAUD,0xB03dFc4b9C9756B6D4Fbc12DAde7732149Fcf00d,replaced,v2.10.5
v2.0-19,2019-03-11T18:17:52-04:00,eeb271f4fdd2e615f9dba90503f42b2cb9f9716e,SynthsBRL,0xa5A4ccCCcAa26Cea096F6E493839423F4D66c63F,deleted,
v2.0-19,2019-03-11T18:17:52-04:00,eeb271f4fdd2e615f9dba90503f42b2cb9f9716e,SynthsBTC,0xf8AD89091B2724bdb7528c50B282B565Db4635bb,replaced,v2.10.5
v2.0-19,2019-03-11T18:17:52-04:00,eeb271f4fdd2e615f9dba90503f42b2cb9f9716e,SynthsCAD,0x8f69c9Ee79Bf9320E1A5C19e559108E1cb3d002B,deleted,
v2.0-19,2019-03-11T18:17:52-04:00,eeb271f4fdd2e615f9dba90503f42b2cb9f9716e,SynthsCHF,0x9270D9970D6ACA773e2FA01633CDc091a46714c9,replaced,v2.10.5
v2.0-19,2019-03-11T18:17:52-04:00,eeb271f4fdd2e615f9dba90503f42b2cb9f9716e,SynthsCNY,0x60C34eB93AFCd1B701fF8C036B128441C68A8A70,deleted,
v2.0-19,2019-03-11T18:17:52-04:00,eeb271f4fdd2e615f9dba90503f42b2cb9f9716e,SynthsEUR,0xC2bb52457D81FBD223CC92b44cd372d36b338A10,replaced,v2.10.5
v2.0-19,2019-03-11T18:17:52-04:00,eeb271f4fdd2e615f9dba90503f42b2cb9f9716e,SynthsGBP,0xdB36B8f25bB1f289d97aeE8f87BAcCaC58fA8883,replaced,v2.6.7
v2.0-19,2019-03-11T18:17:52-04:00,eeb271f4fdd2e615f9dba90503f42b2cb9f9716e,SynthsINR,0x51671B7556EbEB4c43180e983F5569973e15cAc9,deleted,
v2.0-19,2019-03-11T18:17:52-04:00,eeb271f4fdd2e615f9dba90503f42b2cb9f9716e,SynthsJPY,0xD9E5A009Ec07dE76616d7361Ed713eF434d71325,replaced,v2.10.5
v2.0-19,2019-03-11T18:17:52-04:00,eeb271f4fdd2e615f9dba90503f42b2cb9f9716e,SynthsKRW,0xdF846D3ded30A0590319f8A7ECD4e233B0e9188C,deleted,
v2.0-19,2019-03-11T18:17:52-04:00,eeb271f4fdd2e615f9dba90503f42b2cb9f9716e,SynthsNZD,0xCF401f31c63F58DEbfC76F441731dfa945cd0Bde,deleted,
v2.0-19,2019-03-11T18:17:52-04:00,eeb271f4fdd2e615f9dba90503f42b2cb9f9716e,SynthsPLN,0x1943dBd2A793c588B5170188Ee6fb62E02AfdfF7,deleted,
v2.0-19,2019-03-11T18:17:52-04:00,eeb271f4fdd2e615f9dba90503f42b2cb9f9716e,SynthsRUB,0x8a8DcbBa6038c6Fc6D192F5cf5C5dD83B98591bc,deleted,
v2.0-19,2019-03-11T18:17:52-04:00,eeb271f4fdd2e615f9dba90503f42b2cb9f9716e,SynthsSGD,0x2aE393C18b6Aa62D6a2250aF7b803Fa6973bC981,deleted,
v2.0-19,2019-03-11T18:17:52-04:00,eeb271f4fdd2e615f9dba90503f42b2cb9f9716e,SynthsUSD,0x0cBE2dF57CA9191B64a7Af3baa3F946fa7Df2F25,replaced,v2.10.5
v2.0-19,2019-03-11T18:17:52-04:00,eeb271f4fdd2e615f9dba90503f42b2cb9f9716e,SynthsXAG,0x4D57A8212BDb8bdca049365BCE8afA0244a0E3FC,replaced,v2.10.5
v2.0-19,2019-03-11T18:17:52-04:00,eeb271f4fdd2e615f9dba90503f42b2cb9f9716e,SynthsXAU,0x112D5fA64e4902B6ff1a35495a0f878c210A5601,replaced,v2.10.5
v2.0-19,2019-03-11T18:17:52-04:00,eeb271f4fdd2e615f9dba90503f42b2cb9f9716e,SynthXDR,0x2972705AF18c66c14CDd27AD412961E01944A9C3,deleted,
v2.0-19,2019-03-11T18:17:52-04:00,eeb271f4fdd2e615f9dba90503f42b2cb9f9716e,TokenStatesAUD,0xCb29D2cf2C65d3Be1d00F07f3441390432D55203,current,
v2.0-19,2019-03-11T18:17:52-04:00,eeb271f4fdd2e615f9dba90503f42b2cb9f9716e,TokenStatesBRL,0x0985de52896fC4C9A84d108F5582ec02fdF91605,deleted,
v2.0-19,2019-03-11T18:17:52-04:00,eeb271f4fdd2e615f9dba90503f42b2cb9f9716e,TokenStatesBTC,0x4F6296455F8d754c19821cF1EC8FeBF2cD456E67,current,
v2.0-19,2019-03-11T18:17:52-04:00,eeb271f4fdd2e615f9dba90503f42b2cb9f9716e,TokenStatesCAD,0xdDf91Fc27087e076574Df31483Db5C21A85E47b6,deleted,
v2.0-19,2019-03-11T18:17:52-04:00,eeb271f4fdd2e615f9dba90503f42b2cb9f9716e,TokenStatesCHF,0x52496fE8a4feaEFe14d9433E00D48E6929c13deC,current,
v2.0-19,2019-03-11T18:17:52-04:00,eeb271f4fdd2e615f9dba90503f42b2cb9f9716e,TokenStatesCNY,0x5cCA1f0c514C0624d3BA7585d56fD2d72CbeFd80,deleted,
v2.0-19,2019-03-11T18:17:52-04:00,eeb271f4fdd2e615f9dba90503f42b2cb9f9716e,TokenStatesEUR,0x6568D9e750fC44AF00f857885Dfb8281c00529c4,current,
v2.0-19,2019-03-11T18:17:52-04:00,eeb271f4fdd2e615f9dba90503f42b2cb9f9716e,TokenStatesGBP,0x7e88D19A79b291cfE5696d496055f7e57F537A75,current,
v2.0-19,2019-03-11T18:17:52-04:00,eeb271f4fdd2e615f9dba90503f42b2cb9f9716e,TokenStatesINR,0xf8F2f8001fca737eFA2bC26217Fc20C1F8267fbA,deleted,
v2.0-19,2019-03-11T18:17:52-04:00,eeb271f4fdd2e615f9dba90503f42b2cb9f9716e,TokenStatesJPY,0x4dFACfB15514C21c991ff75Bc7Bf6Fb1F98361ed,current,
v2.0-19,2019-03-11T18:17:52-04:00,eeb271f4fdd2e615f9dba90503f42b2cb9f9716e,TokenStatesKRW,0x249A10c68AfA9827571cb73f29ab5Af57Ee5A596,deleted,
v2.0-19,2019-03-11T18:17:52-04:00,eeb271f4fdd2e615f9dba90503f42b2cb9f9716e,TokenStatesNZD,0x3FDa286F354a3318534026dBAcf021c84A71B03c,deleted,
v2.0-19,2019-03-11T18:17:52-04:00,eeb271f4fdd2e615f9dba90503f42b2cb9f9716e,TokenStatesPLN,0xdb957f324Be2dE9BdAB01A3dbb50228569FDEe1B,deleted,
v2.0-19,2019-03-11T18:17:52-04:00,eeb271f4fdd2e615f9dba90503f42b2cb9f9716e,TokenStatesRUB,0xF1eF8ee7DfEE4BD0e06B0fCed1d299387B78Cb09,deleted,
v2.0-19,2019-03-11T18:17:52-04:00,eeb271f4fdd2e615f9dba90503f42b2cb9f9716e,TokenStatesSGD,0x000F49FD739d4023B0A6C87eE8705eF1Ffb55C87,deleted,
v2.0-19,2019-03-11T18:17:52-04:00,eeb271f4fdd2e615f9dba90503f42b2cb9f9716e,TokenStatesUSD,0x05a9CBe762B36632b3594DA4F082340E0e5343e8,current,
v2.0-19,2019-03-11T18:17:52-04:00,eeb271f4fdd2e615f9dba90503f42b2cb9f9716e,TokenStatesXAG,0x53d244Fb46357568DBeF082225cCC87cBD94aAE8,current,
v2.0-19,2019-03-11T18:17:52-04:00,eeb271f4fdd2e615f9dba90503f42b2cb9f9716e,TokenStatesXAU,0x20569B49d74c1EDE765382574F7F3fdC2a078A4f,current,
v2.0-19,2019-03-11T18:17:52-04:00,eeb271f4fdd2e615f9dba90503f42b2cb9f9716e,TokenStateSynthetix,0x5b1b5fEa1b99D83aD479dF0C222F0492385381dD,current,
v2.0-19,2019-03-11T18:17:52-04:00,eeb271f4fdd2e615f9dba90503f42b2cb9f9716e,TokenStateXDR,,deleted,
v2.0-22,2019-04-04T12:14:32-04:00,f257ac4ffec622f198dfe47e371c625f1fe1bd36,EscrowChecker,0x3b399e00afd8201acf8a5a0eccf1c47d8d5e41da,replaced,v2.1.11
v2.0-22,2019-04-04T12:14:32-04:00,f257ac4ffec622f198dfe47e371c625f1fe1bd36,TokenStateXDR,0xBF093390d8046ae2d0f5465DEC7001d65DC159d5,deleted,
v2.1.11,2019-04-23T19:43:01-04:00,8d56cf7667de27b294fa3b99b086132f71e1aba4,EscrowChecker,0x3b399e00AFd8201ACf8A5a0EcCF1C47d8D5E41da,current,
v2.1.11,2019-04-23T19:43:01-04:00,8d56cf7667de27b294fa3b99b086132f71e1aba4,ExchangeRates,0xba34e436C9383aa8FA1e3659D2807ae040592498,replaced,v2.6.5
v2.1.11,2019-04-23T19:43:01-04:00,8d56cf7667de27b294fa3b99b086132f71e1aba4,TokenStatesETH,0x34A5ef81d18F3a305aE9C2d7DF42beef4c79031c,current,
v2.1.11,2019-04-23T19:43:01-04:00,8d56cf7667de27b294fa3b99b086132f71e1aba4,ProxysETH,0xaCf5C0101cbBe8476E87c652E0bEF33684Cc94D6,replaced,v2.9.1
v2.1.11,2019-04-23T19:43:01-04:00,8d56cf7667de27b294fa3b99b086132f71e1aba4,SynthsETH,0x42456D7084eacF4083f1140d3229471bbA2949A8,replaced,v2.10.5
v2.1.11,2019-04-23T19:43:01-04:00,8d56cf7667de27b294fa3b99b086132f71e1aba4,TokenStatesBNB,0xf9bd94C6F93c1FA5F38174c5e424721e1046af07,current,
v2.1.11,2019-04-23T19:43:01-04:00,8d56cf7667de27b294fa3b99b086132f71e1aba4,ProxysBNB,0x013AE307648f529aa72c5767A334DDd37aaB43c3,replaced,v2.10.5
v2.1.11,2019-04-23T19:43:01-04:00,8d56cf7667de27b294fa3b99b086132f71e1aba4,SynthsBNB,0xC906de7f8b4C1a4787023F50F49CE98F9F67c4b8,replaced,v2.10.5
v2.1.11,2019-04-23T19:43:01-04:00,8d56cf7667de27b294fa3b99b086132f71e1aba4,TokenStateiBTC,0xa1652766155D4Debc31D01BF3f748cB46508745b,current,
v2.1.11,2019-04-23T19:43:01-04:00,8d56cf7667de27b294fa3b99b086132f71e1aba4,ProxyiBTC,0x2B143041a6F8BE9dCC66E9110178a264A223A3bd,replaced,v2.10.5
v2.1.11,2019-04-23T19:43:01-04:00,8d56cf7667de27b294fa3b99b086132f71e1aba4,SynthiBTC,0xd8f6B6b6782632275B2B51230654f687f5b12Cde,replaced,v2.7.2
v2.1.11,2019-04-23T19:43:01-04:00,8d56cf7667de27b294fa3b99b086132f71e1aba4,TokenStateiETH,0x7b6ab32Ca02B31485fbf7265437c2853792CC5d9,current,
v2.1.11,2019-04-23T19:43:01-04:00,8d56cf7667de27b294fa3b99b086132f71e1aba4,ProxyiETH,0xD4fb1706Ae549FEBeC06bb7175b08010DD1B0C2e,replaced,v2.10.5
v2.1.11,2019-04-23T19:43:01-04:00,8d56cf7667de27b294fa3b99b086132f71e1aba4,SynthiETH,0x51Fe40e6292dbC44623b298a4086ffA6f5976ba1,replaced,v2.7.2
v2.1.11,2019-04-23T19:43:01-04:00,8d56cf7667de27b294fa3b99b086132f71e1aba4,TokenStateiBNB,0xc4E4c442653fDC78A71401684fd6cF9d67B3B643,current,
v2.1.11,2019-04-23T19:43:01-04:00,8d56cf7667de27b294fa3b99b086132f71e1aba4,ProxyiBNB,0x7c8F07Ac5b0a2876ee582a661d53dE2D0BbAd96F,replaced,v2.10.5
v2.1.11,2019-04-23T19:43:01-04:00,8d56cf7667de27b294fa3b99b086132f71e1aba4,SynthiBNB,0x56751D5Ac7D2B614C79d22e6b52D3285cFA8a293,replaced,v2.7.2
v2.4.0,2019-05-02T18:49:57+10:00,edf5244839cda59bd51c1390a285bae371a477ff,FeePool,0x9B7E40031f7d4f6AB6e5D36bBF2Fea3bCCcc75a5,replaced,v2.5.3
v2.4.0,2019-05-02T18:49:57+10:00,edf5244839cda59bd51c1390a285bae371a477ff,Synthetix,0xEf8a2c1BC94e630463293F71bF5414d13e80F62D,replaced,v2.5.3
v2.4.0,2019-05-02T18:49:57+10:00,edf5244839cda59bd51c1390a285bae371a477ff,RewardEscrow,0xb671F2210B1F6621A2607EA63E6B2DC3e2464d1F,current,
v2.4.0,2019-05-02T18:49:57+10:00,edf5244839cda59bd51c1390a285bae371a477ff,FeePoolState,0x11164F6a47C3f8472D19b9aDd516Fc780cb7Ee02,current,
v2.4.0,2019-05-02T18:49:57+10:00,edf5244839cda59bd51c1390a285bae371a477ff,SupplySchedule,0xA3de830b5208851539De8e4FF158D635E8f36FCb,replaced,v2.16.4
v2.5.3,2019-05-28T18:42:37+10:00,dc94228312749779a0c4035d8bc7bb3b9a242693,FeePool,0x3D32f1404deacE2A43B08211E4662275045b495b,replaced,v2.6.1
v2.5.3,2019-05-28T18:42:37+10:00,dc94228312749779a0c4035d8bc7bb3b9a242693,Synthetix,0xD76C5B71ba091C785aEc1A5c1c901b04876d073B,replaced,v2.5.5
v2.5.3,2019-05-28T18:42:37+10:00,dc94228312749779a0c4035d8bc7bb3b9a242693,DelegateApprovals,0x97A853e9536Cf7CF123AA14Da726b71a848290cE,replaced,v2.20.1
v2.5.3,2019-05-28T18:42:37+10:00,dc94228312749779a0c4035d8bc7bb3b9a242693,FeePoolEternalStorage,0xC9DFff5fA5605fd94F8B7927b892F2B57391e8bB,current,
v2.5.5,2019-05-29T17:37:35+10:00,6cf02bed77b9d711efc0b33f643613529f4b92ce,Synthetix,0x5a4aDe4f3E934a0885f42884F7077261C3F4f66F,replaced,v2.6.7
v2.6.1,2019-07-01T16:10:26-04:00,e8a6445a3096e3b003c429cd6fb2c9a38920f047,FeePool,0x503e91fc2b9ad7453700130d0825e661565e4c3b,replaced,v2.6.5
v2.6.5,2019-07-02T22:47:48-04:00,83a9721950521ff3d0ced2d974d90caa0f011a23,ExchangeRates,0x5cBB53Ca85A9E52B593Baf8ae90282C4B3dB0b25,replaced,v2.6.7
v2.6.5,2019-07-02T22:47:48-04:00,83a9721950521ff3d0ced2d974d90caa0f011a23,FeePool,0x5e5F5542dAd3E06CC8E1cd2461E83f872835117B,replaced,v2.9.0
v2.6.5,2019-07-02T22:47:48-04:00,83a9721950521ff3d0ced2d974d90caa0f011a23,TokenStatesMKR,0xCEE0A0Dc7f393ED6AC84A3Ac2191C28d6A53AcEf,deleted,
v2.6.5,2019-07-02T22:47:48-04:00,83a9721950521ff3d0ced2d974d90caa0f011a23,ProxysMKR,0xe88A4976CB7D8898D39E3f317421D625403ecb8C,deleted,
v2.6.5,2019-07-02T22:47:48-04:00,83a9721950521ff3d0ced2d974d90caa0f011a23,SynthsMKR,0x13586160e4F890D0631c3C08D989f5b7AFe202b0,deleted,
v2.6.5,2019-07-02T22:47:48-04:00,83a9721950521ff3d0ced2d974d90caa0f011a23,TokenStatesTRX,0x7EC5697C724895DA7f2320bDE063BEF6215a72e2,current,
v2.6.5,2019-07-02T22:47:48-04:00,83a9721950521ff3d0ced2d974d90caa0f011a23,ProxysTRX,0x0944d2C41FEF3088467287e208E5bBB622A0c09C,replaced,v2.10.5
v2.6.5,2019-07-02T22:47:48-04:00,83a9721950521ff3d0ced2d974d90caa0f011a23,SynthsTRX,0xa6e5DA838D3b8338783E0710E1D5F6C8e8E998CE,replaced,v2.10.5
v2.6.5,2019-07-02T22:47:48-04:00,83a9721950521ff3d0ced2d974d90caa0f011a23,TokenStatesXTZ,0x959894a82fbF99d35B12ed1EA81e783296229862,current,
v2.6.5,2019-07-02T22:47:48-04:00,83a9721950521ff3d0ced2d974d90caa0f011a23,ProxysXTZ,0xF45B14ddaBF0F0e275E215b94dD24Ae013a27F12,replaced,v2.10.5
v2.6.5,2019-07-02T22:47:48-04:00,83a9721950521ff3d0ced2d974d90caa0f011a23,SynthsXTZ,0x6E5Bc3e877CFaa06eF97dfA12e63EfbB8FCbb03e,replaced,v2.10.5
v2.6.7,2019-07-05T23:28:25-04:00,4fb6450e5629a053b9fa4aa4a40974e0ff9841b6,SynthsGBP,0x0a24864596C54D79C825e64b281645249C14590C,replaced,v2.10.5
v2.6.7,2019-07-05T23:28:25-04:00,4fb6450e5629a053b9fa4aa4a40974e0ff9841b6,ExchangeRates,0x70C629875daDBE702489a5E1E3bAaE60e38924fa,replaced,v2.10.5
v2.6.7,2019-07-05T23:28:25-04:00,4fb6450e5629a053b9fa4aa4a40974e0ff9841b6,Synthetix,0x2Dea20405c52Fb477ecCa8Fe622661d316Ac5400,replaced,v2.8.0
v2.7.2,2019-07-18T20:31:41-04:00,1eeb4e6519e1eedb7d4692e5d68af417b4afbb49,SynthiBTC,0xccC395f0eBFAA26dCC2D3BACc23d55614002236b,replaced,v2.10.5
v2.7.2,2019-07-18T20:31:41-04:00,1eeb4e6519e1eedb7d4692e5d68af417b4afbb49,SynthiETH,0x9b461df6fc38E1baEC08c06EB9e916093af8d11C,replaced,v2.10.5
v2.7.2,2019-07-18T20:31:41-04:00,1eeb4e6519e1eedb7d4692e5d68af417b4afbb49,SynthiBNB,0xED4A3Adffa428fFD126AeD8ba5b8B58bb12c11ca,replaced,v2.10.5
v2.7.2,2019-07-18T20:31:41-04:00,1eeb4e6519e1eedb7d4692e5d68af417b4afbb49,TokenStateiMKR,0xa0c19218271F056bc10b1cDd7a5FaB48F757BC86,deleted,
v2.7.2,2019-07-18T20:31:41-04:00,1eeb4e6519e1eedb7d4692e5d68af417b4afbb49,ProxyiMKR,0xEAf60dA0199bE2f62005225248705De774582328,deleted,
v2.7.2,2019-07-18T20:31:41-04:00,1eeb4e6519e1eedb7d4692e5d68af417b4afbb49,SynthiMKR,0x99bcc501d04F400Ba3F78b5375D00B56acE6Ee0D,deleted,
v2.7.2,2019-07-18T20:31:41-04:00,1eeb4e6519e1eedb7d4692e5d68af417b4afbb49,TokenStateiTRX,0xd69EabdF940174cA571A6D71dde9B9A4dbCdBb0f,current,
v2.7.2,2019-07-18T20:31:41-04:00,1eeb4e6519e1eedb7d4692e5d68af417b4afbb49,ProxyiTRX,0xCd8D927f2CB03d2eFB7f96CeB66Ec4976843E012,replaced,v2.10.5
v2.7.2,2019-07-18T20:31:41-04:00,1eeb4e6519e1eedb7d4692e5d68af417b4afbb49,SynthiTRX,0x87ea2450EaB99A74e55E2B446290011765393AC1,replaced,v2.10.5
v2.7.2,2019-07-18T20:31:41-04:00,1eeb4e6519e1eedb7d4692e5d68af417b4afbb49,TokenStateiXTZ,0xca0d3004f5E771A129fB94619f8867A23e8A23de,current,
v2.7.2,2019-07-18T20:31:41-04:00,1eeb4e6519e1eedb7d4692e5d68af417b4afbb49,ProxyiXTZ,0xc2992b2C22238F296c2f429ee2f7AfB462Ed1750,replaced,v2.10.5
v2.7.2,2019-07-18T20:31:41-04:00,1eeb4e6519e1eedb7d4692e5d68af417b4afbb49,SynthiXTZ,0xFE6Cd6dE459db214818492f532Ec02Ba87319437,replaced,v2.10.5
v2.8.0,2019-08-08T15:03:34+10:00,4dbb6e8e1b58796fb033c81a80c51bc2864719e6,Synthetix,0xbD88D2Ddf55b65BDBbA6f6a5A626B854835d7844,replaced,v2.9.0
v2.8.0,2019-08-08T15:03:34+10:00,4dbb6e8e1b58796fb033c81a80c51bc2864719e6,ProxyERC20,0xC011a73ee8576Fb46F5E1c5751cA3B9Fe0af2a6F,current,
v2.8.6,2019-08-19T23:07:45+02:00,4b50f490bcc79827538c9030af495c410d60d3a0,TokenStatesCEX,0xc5680d24C3086e10f618b5176A59E90D6284be9f,current,
v2.8.6,2019-08-19T23:07:45+02:00,4b50f490bcc79827538c9030af495c410d60d3a0,ProxysCEX,0xb91B114a24a1c16834F1217cC3B9eE117b6c817A,replaced,v2.10.5
v2.8.6,2019-08-19T23:07:45+02:00,4b50f490bcc79827538c9030af495c410d60d3a0,SynthsCEX,0x6aa0f8620614aFe9BD4aBA3148439b08eb2557C0,replaced,v2.10.5
v2.8.6,2019-08-19T23:07:45+02:00,4b50f490bcc79827538c9030af495c410d60d3a0,TokenStateiCEX,0x3Fb1F228168432688b4E851Fe909907248cf9eCD,current,
v2.8.6,2019-08-19T23:07:45+02:00,4b50f490bcc79827538c9030af495c410d60d3a0,ProxyiCEX,0xAE7F21C0dFe5481ca77d538b5609938a51850942,replaced,v2.10.5
v2.8.6,2019-08-19T23:07:45+02:00,4b50f490bcc79827538c9030af495c410d60d3a0,SynthiCEX,0x66B86625ee80b06e94E027e44eA35680a0730233,replaced,v2.10.5
v2.9.0,2019-08-29T12:12:45+10:00,ae8c6ae9c2342e247f08bade0d34e51cc8cf61b9,FeePool,0xA70B3c3DcD4d3CDC55992DC5BEBED33dA92a259A,replaced,v2.10.5
v2.9.0,2019-08-29T12:12:45+10:00,ae8c6ae9c2342e247f08bade0d34e51cc8cf61b9,Synthetix,0xfFC91F7088BF40F0419B451fB9D85718D8903628,replaced,v2.10.5
v2.9.0,2019-08-29T12:12:45+10:00,ae8c6ae9c2342e247f08bade0d34e51cc8cf61b9,RewardsDistribution,0xFfA72Fd80d8A84032d855bfb67036BAF45949009,replaced,v2.18.1
v2.9.1,2019-09-13T16:48:15+10:00,368d0596e255a3555688cf0114e91eca8830940c,ProxysETH,0x5e74c9036fb86bd7ecdcb084a0673efc32ea31cb,replaced,v2.10.5
v2.10.2,2019-09-26T13:03:00+10:00,d025db087a41a64a6fa8caee8bd059c19fd3eb1d,ProxysUSD,0x57Ab1ec28D129707052df4dF418D58a2D46d5f51,current,
v2.10.5,2019-09-26T18:58:44+10:00,688fd3865c3cdfb3e5451c2b6eef4599e1ae6cc9,ExchangeRates,0x99a46c42689720d9118FF7aF7ce80C2a92fC4f97,replaced,v2.12.2
v2.10.5,2019-09-26T18:58:44+10:00,688fd3865c3cdfb3e5451c2b6eef4599e1ae6cc9,FeePool,0xc566a81F193626ee88A85fB3dCC82279B96A094E,replaced,v2.12.2
v2.10.5,2019-09-26T18:58:44+10:00,688fd3865c3cdfb3e5451c2b6eef4599e1ae6cc9,ProxysAUD,0xF48e200EAF9906362BB1442fca31e0835773b8B4,current,
v2.10.5,2019-09-26T18:58:44+10:00,688fd3865c3cdfb3e5451c2b6eef4599e1ae6cc9,ProxysBTC,0xfE18be6b3Bd88A2D2A7f928d00292E7a9963CfC6,current,
v2.10.5,2019-09-26T18:58:44+10:00,688fd3865c3cdfb3e5451c2b6eef4599e1ae6cc9,ProxysCHF,0x0F83287FF768D1c1e17a42F44d644D7F22e8ee1d,current,
v2.10.5,2019-09-26T18:58:44+10:00,688fd3865c3cdfb3e5451c2b6eef4599e1ae6cc9,ProxysEUR,0xD71eCFF9342A5Ced620049e616c5035F1dB98620,current,
v2.10.5,2019-09-26T18:58:44+10:00,688fd3865c3cdfb3e5451c2b6eef4599e1ae6cc9,ProxysGBP,0x97fe22E7341a0Cd8Db6F6C021A24Dc8f4DAD855F,current,
v2.10.5,2019-09-26T18:58:44+10:00,688fd3865c3cdfb3e5451c2b6eef4599e1ae6cc9,ProxysJPY,0xF6b1C627e95BFc3c1b4c9B825a032Ff0fBf3e07d,current,
v2.10.5,2019-09-26T18:58:44+10:00,688fd3865c3cdfb3e5451c2b6eef4599e1ae6cc9,ProxysXAG,0x6A22e5e94388464181578Aa7A6B869e00fE27846,current,
v2.10.5,2019-09-26T18:58:44+10:00,688fd3865c3cdfb3e5451c2b6eef4599e1ae6cc9,ProxysXAU,0x261EfCdD24CeA98652B9700800a13DfBca4103fF,current,
v2.10.5,2019-09-26T18:58:44+10:00,688fd3865c3cdfb3e5451c2b6eef4599e1ae6cc9,ProxyXDR,0xb3f67dE9a919476a4c0fE821d67bf5C4637D8429,deleted,
v2.10.5,2019-09-26T18:58:44+10:00,688fd3865c3cdfb3e5451c2b6eef4599e1ae6cc9,Synthetix,0xA36aC1f924087B7B959592c3D89Cb066D1Cc35D5,replaced,v2.11.1
v2.10.5,2019-09-26T18:58:44+10:00,688fd3865c3cdfb3e5451c2b6eef4599e1ae6cc9,SynthsAUD,0x710882750DDe5DBc64e5a7df23a8cF068dF74910,replaced,v2.16.4
v2.10.5,2019-09-26T18:58:44+10:00,688fd3865c3cdfb3e5451c2b6eef4599e1ae6cc9,SynthsBTC,0x832177F21CCDcc286003faDF4e98fc11dc5C627F,replaced,v2.16.4
v2.10.5,2019-09-26T18:58:44+10:00,688fd3865c3cdfb3e5451c2b6eef4599e1ae6cc9,SynthsCHF,0x296b019E6dF25Ce3b71d4239b8C7CEc1a417d4E9,replaced,v2.16.4
v2.10.5,2019-09-26T18:58:44+10:00,688fd3865c3cdfb3e5451c2b6eef4599e1ae6cc9,SynthsEUR,0x45AA2F706C3d695aCC1DA9698Fb803b8Ef5157ba,replaced,v2.16.4
v2.10.5,2019-09-26T18:58:44+10:00,688fd3865c3cdfb3e5451c2b6eef4599e1ae6cc9,SynthsGBP,0xD8C733Ac0B2Db47BbA7af7716Eb696e62C417D5b,replaced,v2.16.4
v2.10.5,2019-09-26T18:58:44+10:00,688fd3865c3cdfb3e5451c2b6eef4599e1ae6cc9,SynthsJPY,0x11Dfa1Bf994Ea47e361eC474519Afd627e932eb0,replaced,v2.16.4
v2.10.5,2019-09-26T18:58:44+10:00,688fd3865c3cdfb3e5451c2b6eef4599e1ae6cc9,SynthsUSD,0xd8B325e9a95aBc44cEdc90AAb64ec1f231F2Cc8f,replaced,v2.12.2
v2.10.5,2019-09-26T18:58:44+10:00,688fd3865c3cdfb3e5451c2b6eef4599e1ae6cc9,SynthsXAG,0xD6308849094c5E6Eb0EDAba255A06Ca32B0106Bf,replaced,v2.16.4
v2.10.5,2019-09-26T18:58:44+10:00,688fd3865c3cdfb3e5451c2b6eef4599e1ae6cc9,SynthsXAU,0x4a15d9dfC95ba7B9e33CE70e7E0762dc8F7AC237,replaced,v2.16.4
v2.10.5,2019-09-26T18:58:44+10:00,688fd3865c3cdfb3e5451c2b6eef4599e1ae6cc9,SynthXDR,0x6025f88ABB6d99d02c5EEd82C151d52Bac8E444b,deleted,
v2.10.5,2019-09-26T18:58:44+10:00,688fd3865c3cdfb3e5451c2b6eef4599e1ae6cc9,ProxysETH,0x5e74C9036fb86BD7eCdcb084a0673EFc32eA31cb,current,
v2.10.5,2019-09-26T18:58:44+10:00,688fd3865c3cdfb3e5451c2b6eef4599e1ae6cc9,SynthsETH,0x8519d1BDb4cC1753DF95C6E98F6Bd0E95dE568D9,replaced,v2.12.2
v2.10.5,2019-09-26T18:58:44+10:00,688fd3865c3cdfb3e5451c2b6eef4599e1ae6cc9,ProxysBNB,0x617aeCB6137B5108D1E7D4918e3725C8cEbdB848,current,
v2.10.5,2019-09-26T18:58:44+10:00,688fd3865c3cdfb3e5451c2b6eef4599e1ae6cc9,SynthsBNB,0x33cE216C10dEA5E724b7A90628ce7853eef127B3,replaced,v2.16.4
v2.10.5,2019-09-26T18:58:44+10:00,688fd3865c3cdfb3e5451c2b6eef4599e1ae6cc9,ProxyiBTC,0xD6014EA05BDe904448B743833dDF07c3C7837481,current,
v2.10.5,2019-09-26T18:58:44+10:00,688fd3865c3cdfb3e5451c2b6eef4599e1ae6cc9,SynthiBTC,0xCe88906100c145522Be3a509683881241aBb3C52,replaced,v2.16.4
v2.10.5,2019-09-26T18:58:44+10:00,688fd3865c3cdfb3e5451c2b6eef4599e1ae6cc9,ProxyiETH,0xA9859874e1743A32409f75bB11549892138BBA1E,current,
v2.10.5,2019-09-26T18:58:44+10:00,688fd3865c3cdfb3e5451c2b6eef4599e1ae6cc9,SynthiETH,0x3f3804176D90640aC6063124afd4bc0636aC85B6,replaced,v2.16.4
v2.10.5,2019-09-26T18:58:44+10:00,688fd3865c3cdfb3e5451c2b6eef4599e1ae6cc9,ProxyiBNB,0xAFD870F32CE54EfdBF677466B612bf8ad164454B,current,
v2.10.5,2019-09-26T18:58:44+10:00,688fd3865c3cdfb3e5451c2b6eef4599e1ae6cc9,SynthiBNB,0x57Ff288dd9D478b046647A5aB917195449F1F6e5,replaced,v2.16.4
v2.10.5,2019-09-26T18:58:44+10:00,688fd3865c3cdfb3e5451c2b6eef4599e1ae6cc9,ProxysMKR,0x4140919DE11fCe58E654cC6038017Af97f810De1,deleted,
v2.10.5,2019-09-26T18:58:44+10:00,688fd3865c3cdfb3e5451c2b6eef4599e1ae6cc9,SynthsMKR,0xFAc2B3400Df00a348C3118831a45A05255F9004A,deleted,
v2.10.5,2019-09-26T18:58:44+10:00,688fd3865c3cdfb3e5451c2b6eef4599e1ae6cc9,ProxysTRX,0xf2E08356588EC5cd9E437552Da87C0076b4970B0,current,
v2.10.5,2019-09-26T18:58:44+10:00,688fd3865c3cdfb3e5451c2b6eef4599e1ae6cc9,SynthsTRX,0x0dA04b80e21B344fCFD49C04bEC658E80F1D7428,replaced,v2.16.4
v2.10.5,2019-09-26T18:58:44+10:00,688fd3865c3cdfb3e5451c2b6eef4599e1ae6cc9,ProxysXTZ,0x2e59005c5c0f0a4D77CcA82653d48b46322EE5Cd,current,
v2.10.5,2019-09-26T18:58:44+10:00,688fd3865c3cdfb3e5451c2b6eef4599e1ae6cc9,SynthsXTZ,0xC0b1F43Ee7b0670F7B34e14c4702e54a905A51B5,replaced,v2.16.4
v2.10.5,2019-09-26T18:58:44+10:00,688fd3865c3cdfb3e5451c2b6eef4599e1ae6cc9,ProxyiMKR,0x0794D09be5395f69534ff8151D72613077148b29,deleted,
v2.10.5,2019-09-26T18:58:44+10:00,688fd3865c3cdfb3e5451c2b6eef4599e1ae6cc9,SynthiMKR,0x047FC84504714d526808Be07BF17Bdd70726ef92,deleted,
v2.10.5,2019-09-26T18:58:44+10:00,688fd3865c3cdfb3e5451c2b6eef4599e1ae6cc9,ProxyiTRX,0xC5807183a9661A533CB08CbC297594a0B864dc12,current,
v2.10.5,2019-09-26T18:58:44+10:00,688fd3865c3cdfb3e5451c2b6eef4599e1ae6cc9,SynthiTRX,0x80eDAC70ec108a9c5B47972da9924397Ba974Ff9,replaced,v2.16.4
v2.10.5,2019-09-26T18:58:44+10:00,688fd3865c3cdfb3e5451c2b6eef4599e1ae6cc9,ProxyiXTZ,0x8deef89058090ac5655A99EEB451a4f9183D1678,current,
v2.10.5,2019-09-26T18:58:44+10:00,688fd3865c3cdfb3e5451c2b6eef4599e1ae6cc9,SynthiXTZ,0x72661E76475354403838EB04144206f70Ff97d79,replaced,v2.16.4
v2.10.5,2019-09-26T18:58:44+10:00,688fd3865c3cdfb3e5451c2b6eef4599e1ae6cc9,ProxysCEX,0xeABACD844A196D7Faf3CE596edeBF9900341B420,current,
v2.10.5,2019-09-26T18:58:44+10:00,688fd3865c3cdfb3e5451c2b6eef4599e1ae6cc9,SynthsCEX,0x93CfF799F255eDa2089cFB3F05696B5B66873C1A,replaced,v2.16.4
v2.10.5,2019-09-26T18:58:44+10:00,688fd3865c3cdfb3e5451c2b6eef4599e1ae6cc9,ProxyiCEX,0x336213e1DDFC69f4701Fc3F86F4ef4A160c1159d,current,
v2.10.5,2019-09-26T18:58:44+10:00,688fd3865c3cdfb3e5451c2b6eef4599e1ae6cc9,SynthiCEX,0x43e1505E315BE6C8b875a37F7D8753Ba84140A37,replaced,v2.16.4
v2.10.5,2019-09-26T18:58:44+10:00,688fd3865c3cdfb3e5451c2b6eef4599e1ae6cc9,ArbRewarder,0xA6B5E74466eDc95D0b6e65c5CBFcA0a676d893a4,current,
v2.11.1,2019-10-04T11:18:21+10:00,fbe1c95d833616ce1ffd5cfa5bda2a0ede683204,Synthetix,0x42D03f506c2308ECd06aE81D8fA22352BC7A8F2b,replaced,v2.12.2
v2.12.2,2019-11-08T11:49:46+11:00,03c8bf29545cd6c4a3d5d11171be09151f94bf70,Synthetix,0x22a67ECd108f7A6Fc52Da9e2655DDfe88ecCd9CA,replaced,v2.14.0
v2.12.2,2019-11-08T11:49:46+11:00,03c8bf29545cd6c4a3d5d11171be09151f94bf70,SynthsUSD,0x2656a6E566f8e60f444B283bf346fC74A9990c96,replaced,v2.16.4
v2.12.2,2019-11-08T11:49:46+11:00,03c8bf29545cd6c4a3d5d11171be09151f94bf70,SynthsETH,0x0577d4268ABE6777aE37688D015598819088297B,replaced,v2.16.4
v2.12.2,2019-11-08T11:49:46+11:00,03c8bf29545cd6c4a3d5d11171be09151f94bf70,ExchangeRates,0x565C9EB432f4AE9633e50e1213AB4f23D8f31f54,replaced,v2.16.4
v2.12.2,2019-11-08T11:49:46+11:00,03c8bf29545cd6c4a3d5d11171be09151f94bf70,FeePool,0xb211e3b026b6DB2f65F5C5ec03d44Bb97BB69fB8,replaced,v2.14.0
v2.12.2,2019-11-08T11:49:46+11:00,03c8bf29545cd6c4a3d5d11171be09151f94bf70,TokenStatesXRP,0xb90AafFB61dFC042e7a7AbcE069DDB4BAE9ab192,current,
v2.12.2,2019-11-08T11:49:46+11:00,03c8bf29545cd6c4a3d5d11171be09151f94bf70,ProxysXRP,0xa2B0fDe6D710e201d0d608e924A484d1A5fEd57c,current,
v2.12.2,2019-11-08T11:49:46+11:00,03c8bf29545cd6c4a3d5d11171be09151f94bf70,SynthsXRP,0xFf6866FF46c71706DcD5A0A38f12279553bE6233,replaced,v2.16.4
v2.12.2,2019-11-08T11:49:46+11:00,03c8bf29545cd6c4a3d5d11171be09151f94bf70,TokenStatesLTC,0xe1a2C7957a4771031301f2E25b0f52039aD97270,current,
v2.12.2,2019-11-08T11:49:46+11:00,03c8bf29545cd6c4a3d5d11171be09151f94bf70,ProxysLTC,0xC14103C2141E842e228FBaC594579e798616ce7A,current,
v2.12.2,2019-11-08T11:49:46+11:00,03c8bf29545cd6c4a3d5d11171be09151f94bf70,SynthsLTC,0x8e0cC15bBCd10E170AC07982B5D6930502C63784,replaced,v2.16.4
v2.12.2,2019-11-08T11:49:46+11:00,03c8bf29545cd6c4a3d5d11171be09151f94bf70,TokenStatesLINK,0x577D4a7395c6A5f46d9981a5F83fa7294926aBB0,current,
v2.12.2,2019-11-08T11:49:46+11:00,03c8bf29545cd6c4a3d5d11171be09151f94bf70,ProxysLINK,0xbBC455cb4F1B9e4bFC4B73970d360c8f032EfEE6,current,
v2.12.2,2019-11-08T11:49:46+11:00,03c8bf29545cd6c4a3d5d11171be09151f94bf70,SynthsLINK,0x34B19046c6657D26B0C9b63d3Fb54C2754Ed4537,replaced,v2.16.4
v2.12.2,2019-11-08T11:49:46+11:00,03c8bf29545cd6c4a3d5d11171be09151f94bf70,TokenStatesDEFI,0x7Ac2D37098a65B0f711CFfA3be635F1E6aCacFaB,current,
v2.12.2,2019-11-08T11:49:46+11:00,03c8bf29545cd6c4a3d5d11171be09151f94bf70,ProxysDEFI,0xe1aFe1Fd76Fd88f78cBf599ea1846231B8bA3B6B,current,
v2.12.2,2019-11-08T11:49:46+11:00,03c8bf29545cd6c4a3d5d11171be09151f94bf70,SynthsDEFI,0x4917E9Ef69E3a1C82651c9158cA2c25b3A564760,replaced,v2.16.4
v2.12.2,2019-11-08T11:49:46+11:00,03c8bf29545cd6c4a3d5d11171be09151f94bf70,TokenStateiXRP,0xa9d6aE0F9E9da6FFC357Cd155CCe18E3491e135D,current,
v2.12.2,2019-11-08T11:49:46+11:00,03c8bf29545cd6c4a3d5d11171be09151f94bf70,ProxyiXRP,0x27269b3e45A4D3E79A3D6BFeE0C8fB13d0D711A6,current,
v2.12.2,2019-11-08T11:49:46+11:00,03c8bf29545cd6c4a3d5d11171be09151f94bf70,SynthiXRP,0xcBBb17D9767bD57FBF4Bbf8842E916bCb3826ec1,replaced,v2.16.4
v2.12.2,2019-11-08T11:49:46+11:00,03c8bf29545cd6c4a3d5d11171be09151f94bf70,TokenStateiLINK,0x3FdF819c3665D6866b5Bb0F56E1EDA0D7f69B714,current,
v2.12.2,2019-11-08T11:49:46+11:00,03c8bf29545cd6c4a3d5d11171be09151f94bf70,ProxyiLINK,0x2d7aC061fc3db53c39fe1607fB8cec1B2C162B01,current,
v2.12.2,2019-11-08T11:49:46+11:00,03c8bf29545cd6c4a3d5d11171be09151f94bf70,SynthiLINK,0xEC114001D23eeFE6624Fb42cCbF4b3c793e295f1,replaced,v2.16.4
v2.12.2,2019-11-08T11:49:46+11:00,03c8bf29545cd6c4a3d5d11171be09151f94bf70,TokenStateiLTC,0x7B1010586F923CbF61e7C314146853675705751F,current,
v2.12.2,2019-11-08T11:49:46+11:00,03c8bf29545cd6c4a3d5d11171be09151f94bf70,ProxyiLTC,0x79da1431150C9b82D2E5dfc1C68B33216846851e,current,
v2.12.2,2019-11-08T11:49:46+11:00,03c8bf29545cd6c4a3d5d11171be09151f94bf70,SynthiLTC,0x05DD55C18999b4a2f905978C029B85dA37750170,replaced,v2.16.4
v2.12.2,2019-11-08T11:49:46+11:00,03c8bf29545cd6c4a3d5d11171be09151f94bf70,TokenStateiDEFI,0x6E9BAC2827dBBa78D11b270115086CC357988928,current,
v2.12.2,2019-11-08T11:49:46+11:00,03c8bf29545cd6c4a3d5d11171be09151f94bf70,ProxyiDEFI,0x14d10003807AC60d07BB0ba82cAeaC8d2087c157,current,
v2.12.2,2019-11-08T11:49:46+11:00,03c8bf29545cd6c4a3d5d11171be09151f94bf70,SynthiDEFI,0x8E39e807D9eaE1cED9BCE296F211c38BA5ab2f9B,replaced,v2.16.4
v2.14.0,2019-11-27T12:18:54+11:00,8dccf7349f1d2656ecf92b43459f73ff0ad19f7d,FeePool,0xA8CB0B163cEfB21f22c72f6a7d243184bD688A5A,replaced,v2.17.4
v2.14.0,2019-11-27T12:18:54+11:00,8dccf7349f1d2656ecf92b43459f73ff0ad19f7d,Synthetix,0x9642c7026822391100a4773d7aA597AE18ECE7dd,replaced,v2.16.4
v2.15.0,2019-12-09T13:45:19+11:00,645bc5482bee9b5a8644c54fb645ac8c71d7e819,DappMaintenance,0x778ec2d9B4baE65C57a6436a6c37AFc135baD727,deleted,
v2.16.4,2019-12-12T16:03:22+11:00,ad931ba28b8b2e28166f08db377d1426ca2ee3b0,Synthetix,0x7cB89c509001D25dA9938999ABFeA6740212E5f0,replaced,v2.18.1
v2.16.4,2019-12-12T16:03:22+11:00,ad931ba28b8b2e28166f08db377d1426ca2ee3b0,SupplySchedule,0xA05e45396703BabAa9C276B5E5A9B6e2c175b521,current,
v2.16.4,2019-12-12T16:03:22+11:00,ad931ba28b8b2e28166f08db377d1426ca2ee3b0,Math,0x385e1Eb2FF28F4A637DA2C9971F8CAF5F5b1E77c,current,
v2.16.4,2019-12-12T16:03:22+11:00,ad931ba28b8b2e28166f08db377d1426ca2ee3b0,ExchangeRates,0xE95Ef4e7a04d2fB05cb625c62CA58da10112c605,replaced,v2.18.1
v2.16.4,2019-12-12T16:03:22+11:00,ad931ba28b8b2e28166f08db377d1426ca2ee3b0,SynthsAUD,0xa6FE80c4c4AADb4B33dB7f22dc9AE2C4697cC406,replaced,v2.18.1
v2.16.4,2019-12-12T16:03:22+11:00,ad931ba28b8b2e28166f08db377d1426ca2ee3b0,SynthsBTC,0x6bCd1caE4A3c099c696B51f889bE2120DF62b7c0,replaced,v2.18.1
v2.16.4,2019-12-12T16:03:22+11:00,ad931ba28b8b2e28166f08db377d1426ca2ee3b0,SynthsCHF,0xfF0b8894CC44F300e124bcd39F95555816b8B1d5,replaced,v2.18.1
v2.16.4,2019-12-12T16:03:22+11:00,ad931ba28b8b2e28166f08db377d1426ca2ee3b0,SynthsEUR,0x68473dc4B7A4b0867fd7C5b9A982Fea407DAD320,replaced,v2.18.1
v2.16.4,2019-12-12T16:03:22+11:00,ad931ba28b8b2e28166f08db377d1426ca2ee3b0,SynthsGBP,0x486e27D56c0744970687927728598F8B96451Cc4,replaced,v2.18.1
v2.16.4,2019-12-12T16:03:22+11:00,ad931ba28b8b2e28166f08db377d1426ca2ee3b0,SynthsJPY,0x4B1cE9C42A381CB2d74ffeF20103e502e2fc619C,replaced,v2.18.1
v2.16.4,2019-12-12T16:03:22+11:00,ad931ba28b8b2e28166f08db377d1426ca2ee3b0,SynthsUSD,0x289e9a4674663decEE54f781AaDE5327304A32f8,replaced,v2.18.1
v2.16.4,2019-12-12T16:03:22+11:00,ad931ba28b8b2e28166f08db377d1426ca2ee3b0,SynthsXAG,0x3A412043939d9F7e53373b64f858ecB870a92E50,replaced,v2.18.1
v2.16.4,2019-12-12T16:03:22+11:00,ad931ba28b8b2e28166f08db377d1426ca2ee3b0,SynthsXAU,0x4d96b67f5BDe58A622D9bF2B8a1906C8B084fAf4,replaced,v2.18.1
v2.16.4,2019-12-12T16:03:22+11:00,ad931ba28b8b2e28166f08db377d1426ca2ee3b0,SynthXDR,0x30A46E656CdcA6B401Ff043e1aBb151490a07ab0,deleted,
v2.16.4,2019-12-12T16:03:22+11:00,ad931ba28b8b2e28166f08db377d1426ca2ee3b0,SynthsETH,0xD81AdA188331e627567BBEF80F91217cd3109592,replaced,v2.18.1
v2.16.4,2019-12-12T16:03:22+11:00,ad931ba28b8b2e28166f08db377d1426ca2ee3b0,SynthsBNB,0xE5787927410b659cc4eA2441cDaa361f9D7b250C,replaced,v2.18.1
v2.16.4,2019-12-12T16:03:22+11:00,ad931ba28b8b2e28166f08db377d1426ca2ee3b0,SynthiBTC,0x83266A95429b903cC5e954bF61c7eddf8a52b971,replaced,v2.18.1
v2.16.4,2019-12-12T16:03:22+11:00,ad931ba28b8b2e28166f08db377d1426ca2ee3b0,SynthiETH,0xf53B56B6Fb98aaF514bcd28f6Fa6fd20C24E5c22,replaced,v2.18.1
v2.16.4,2019-12-12T16:03:22+11:00,ad931ba28b8b2e28166f08db377d1426ca2ee3b0,SynthiBNB,0x09400Ec683F70174E1217d6dcdBf42448E8De5d6,replaced,v2.18.1
v2.16.4,2019-12-12T16:03:22+11:00,ad931ba28b8b2e28166f08db377d1426ca2ee3b0,SynthsMKR,0x84965DCa28c4Eb9dE61d80f80e811eA12BE1c819,deleted,
v2.16.4,2019-12-12T16:03:22+11:00,ad931ba28b8b2e28166f08db377d1426ca2ee3b0,SynthsTRX,0x1A60E2E2A8BE0BC2B6381dd31Fd3fD5F9A28dE4c,replaced,v2.18.1
v2.16.4,2019-12-12T16:03:22+11:00,ad931ba28b8b2e28166f08db377d1426ca2ee3b0,SynthsXTZ,0xe109da5361299eD96D91146B8Cc12F682D21964e,replaced,v2.18.1
v2.16.4,2019-12-12T16:03:22+11:00,ad931ba28b8b2e28166f08db377d1426ca2ee3b0,SynthiMKR,0xD95e7F80766580634B2E0E49d9F66af317994FC7,deleted,
v2.16.4,2019-12-12T16:03:22+11:00,ad931ba28b8b2e28166f08db377d1426ca2ee3b0,SynthiTRX,0x406555dbF02e9E4df9AdeAeC9DA76ABeED8C1BC3,replaced,v2.18.1
v2.16.4,2019-12-12T16:03:22+11:00,ad931ba28b8b2e28166f08db377d1426ca2ee3b0,SynthiXTZ,0xAD7258d0054c03112a4f5489A4B24eC34a2fc787,replaced,v2.18.1
v2.16.4,2019-12-12T16:03:22+11:00,ad931ba28b8b2e28166f08db377d1426ca2ee3b0,SynthsCEX,0x8a3ca1d2d9a05683EB4DB447d0e3122Fec09d9ee,replaced,v2.18.1
v2.16.4,2019-12-12T16:03:22+11:00,ad931ba28b8b2e28166f08db377d1426ca2ee3b0,SynthiCEX,0xDa5eD43B9B6E36b4f27cc6D8c1974532cdBd55F9,replaced,v2.18.1
v2.16.4,2019-12-12T16:03:22+11:00,ad931ba28b8b2e28166f08db377d1426ca2ee3b0,SynthsXRP,0xC64CdA66Bc1d026b984D6BEE6aDBf71eAc8A099d,replaced,v2.18.1
v2.16.4,2019-12-12T16:03:22+11:00,ad931ba28b8b2e28166f08db377d1426ca2ee3b0,SynthsLTC,0x088256945480c884C067a8Bc98A72A1C984f826B,replaced,v2.18.1
v2.16.4,2019-12-12T16:03:22+11:00,ad931ba28b8b2e28166f08db377d1426ca2ee3b0,SynthsLINK,0x46824bFAaFd049fB0Af9a45159A88e595Bbbb9f7,replaced,v2.18.1
v2.16.4,2019-12-12T16:03:22+11:00,ad931ba28b8b2e28166f08db377d1426ca2ee3b0,SynthsDEFI,0xF778Ec504245EfE1eA010C5C3E50b6F5f5E117da,replaced,v2.18.1
v2.16.4,2019-12-12T16:03:22+11:00,ad931ba28b8b2e28166f08db377d1426ca2ee3b0,SynthiXRP,0xd7adF1b5E31D1C40E08F16a2095338ce3aA8f2Fc,replaced,v2.18.1
v2.16.4,2019-12-12T16:03:22+11:00,ad931ba28b8b2e28166f08db377d1426ca2ee3b0,SynthiLINK,0x3DdF5dAd59F8F8e8f957709B044eE84e87B42e25,replaced,v2.18.1
v2.16.4,2019-12-12T16:03:22+11:00,ad931ba28b8b2e28166f08db377d1426ca2ee3b0,SynthiLTC,0xec98BB42C8F03485bf659378da694512a16f3482,replaced,v2.18.1
v2.16.4,2019-12-12T16:03:22+11:00,ad931ba28b8b2e28166f08db377d1426ca2ee3b0,SynthiDEFI,0xC5Bfbc63dc8D36E81434e93e0ee097999879d7F4,replaced,v2.18.1
v2.17.4,2019-12-18T16:32:38+11:00,ddd5e765f53e1af5b5910c6079b7df6a240bcb9c,FeePool,0x94dBa784e87A3F5F12e25EC98bF14233c1e69017,replaced,v2.18.1
v2.18.1,2020-02-20T17:38:03+11:00,e0902f6c49fe4edbe2e52c9691ed971f695a17bc,Depot,0xE1f64079aDa6Ef07b03982Ca34f1dD7152AA3b86,current,
v2.18.1,2020-02-20T17:38:03+11:00,e0902f6c49fe4edbe2e52c9691ed971f695a17bc,ExchangeRates,0x9D7F70AF5DF5D5CC79780032d47a34615D1F1d77,current,
v2.18.1,2020-02-20T17:38:03+11:00,e0902f6c49fe4edbe2e52c9691ed971f695a17bc,FeePool,0x1Be675c50C4cC419517219B88fE84a573cC223fA,replaced,v2.20.1
v2.18.1,2020-02-20T17:38:03+11:00,e0902f6c49fe4edbe2e52c9691ed971f695a17bc,Synthetix,0x153C3148A0a285A6f9F6d1996E1348832249bF7e,replaced,v2.19.6
v2.18.1,2020-02-20T17:38:03+11:00,e0902f6c49fe4edbe2e52c9691ed971f695a17bc,SynthsAUD,0xACa2179a884bAC7C3D0bc4131585E1B7DbDD048e,replaced,v2.20.1
v2.18.1,2020-02-20T17:38:03+11:00,e0902f6c49fe4edbe2e52c9691ed971f695a17bc,SynthsBTC,0xF0ac210915BD88Ea51c9EB800a4078a85927efdF,replaced,v2.20.1
v2.18.1,2020-02-20T17:38:03+11:00,e0902f6c49fe4edbe2e52c9691ed971f695a17bc,SynthsCHF,0x64C73355FBD0274e677609E8fb372427DF975508,replaced,v2.20.1
v2.18.1,2020-02-20T17:38:03+11:00,e0902f6c49fe4edbe2e52c9691ed971f695a17bc,SynthsEUR,0x57e4A2D7D9b759Cf6FA2C937D52E408c66fB6384,replaced,v2.20.1
v2.18.1,2020-02-20T17:38:03+11:00,e0902f6c49fe4edbe2e52c9691ed971f695a17bc,SynthsGBP,0x8FA7FBb0144CeA832a76547aEAB1Ad8d9e4588F1,replaced,v2.20.1
v2.18.1,2020-02-20T17:38:03+11:00,e0902f6c49fe4edbe2e52c9691ed971f695a17bc,SynthsJPY,0x68043c3EAE66Ac1c28341867491E615412fc84FD,replaced,v2.20.1
v2.18.1,2020-02-20T17:38:03+11:00,e0902f6c49fe4edbe2e52c9691ed971f695a17bc,SynthsUSD,0x2A020C1ad728f1C12735bC4877CEECa4491A4a3D,replaced,v2.20.1
v2.18.1,2020-02-20T17:38:03+11:00,e0902f6c49fe4edbe2e52c9691ed971f695a17bc,SynthsXAG,0xd415e342a5C7Ee189D939b4DC17E85880fE1096A,replaced,v2.20.1
v2.18.1,2020-02-20T17:38:03+11:00,e0902f6c49fe4edbe2e52c9691ed971f695a17bc,SynthsXAU,0x00aB7c26A5a6C4C32D0b897E4Af3CB32F92aad34,replaced,v2.20.1
v2.18.1,2020-02-20T17:38:03+11:00,e0902f6c49fe4edbe2e52c9691ed971f695a17bc,SynthXDR,0x96f9D144E55149437640512B82d7Dda065E89773,deleted,
v2.18.1,2020-02-20T17:38:03+11:00,e0902f6c49fe4edbe2e52c9691ed971f695a17bc,SynthsETH,0x9f71b6596b2C9d357f9F04F8cA772fbD6e2c211C,replaced,v2.20.1
v2.18.1,2020-02-20T17:38:03+11:00,e0902f6c49fe4edbe2e52c9691ed971f695a17bc,SynthsBNB,0xaE3971E603b11dA40aea85d8c2355150c7c47683,replaced,v2.20.1
v2.18.1,2020-02-20T17:38:03+11:00,e0902f6c49fe4edbe2e52c9691ed971f695a17bc,SynthiBTC,0x810425566d1d3078B15A6f035b17886F18F3c54B,replaced,v2.20.1
v2.18.1,2020-02-20T17:38:03+11:00,e0902f6c49fe4edbe2e52c9691ed971f695a17bc,SynthiETH,0xc0bA711B4E128425Be9245ce750D82c90b42D6D2,replaced,v2.20.1
v2.18.1,2020-02-20T17:38:03+11:00,e0902f6c49fe4edbe2e52c9691ed971f695a17bc,SynthiBNB,0xc68b5Eb9e035b2B84568A4C6201e3b200C0236ba,replaced,v2.20.1
v2.18.1,2020-02-20T17:38:03+11:00,e0902f6c49fe4edbe2e52c9691ed971f695a17bc,SynthsMKR,0x54A0326fB698c2CFACa5327550a897FA66d21f07,deleted,
v2.18.1,2020-02-20T17:38:03+11:00,e0902f6c49fe4edbe2e52c9691ed971f695a17bc,SynthsTRX,0x3d0e7c09242b0cAd4e81cB2f6D2183EF517500EF,replaced,v2.20.1
v2.18.1,2020-02-20T17:38:03+11:00,e0902f6c49fe4edbe2e52c9691ed971f695a17bc,SynthsXTZ,0x2CB1B47fB16013798086f267E04E6579dcb72A74,replaced,v2.20.1
v2.18.1,2020-02-20T17:38:03+11:00,e0902f6c49fe4edbe2e52c9691ed971f695a17bc,SynthiMKR,0x10A0532DE3C86D9cE810F004FaBcf5a1EA464390,deleted,
v2.18.1,2020-02-20T17:38:03+11:00,e0902f6c49fe4edbe2e52c9691ed971f695a17bc,SynthiTRX,0x2DE37AF5BA64f5CaE3202Bf13dbEDc4D46e8046f,replaced,v2.20.1
v2.18.1,2020-02-20T17:38:03+11:00,e0902f6c49fe4edbe2e52c9691ed971f695a17bc,SynthiXTZ,0x59D39e14cC735b39746c94351E7fbDd92C8D0d3C,replaced,v2.20.1
v2.18.1,2020-02-20T17:38:03+11:00,e0902f6c49fe4edbe2e52c9691ed971f695a17bc,SynthsCEX,0x2420057461bD2fb756e0A610897c51De7fB18311,replaced,v2.20.1
v2.18.1,2020-02-20T17:38:03+11:00,e0902f6c49fe4edbe2e52c9691ed971f695a17bc,SynthiCEX,0xf7011510572d0EFE31d1E90cd6dc1EF84e6B13b8,replaced,v2.20.1
v2.18.1,2020-02-20T17:38:03+11:00,e0902f6c49fe4edbe2e52c9691ed971f695a17bc,RewardsDistribution,0x29C295B046a73Cde593f21f63091B072d407e3F2,replaced,v2.18.1
v2.18.1,2020-02-20T17:38:03+11:00,e0902f6c49fe4edbe2e52c9691ed971f695a17bc,SynthsXRP,0x4dc1E8bAcc26D563941dCB59c72BD9FE58663778,replaced,v2.20.1
v2.18.1,2020-02-20T17:38:03+11:00,e0902f6c49fe4edbe2e52c9691ed971f695a17bc,SynthsLTC,0x79BEf89A63bE04A75F1fA42E8f42ad873B6f43e2,replaced,v2.20.1
v2.18.1,2020-02-20T17:38:03+11:00,e0902f6c49fe4edbe2e52c9691ed971f695a17bc,SynthsLINK,0x3D663Dbe79fA9752815e03e129D6703eDE1C6D71,replaced,v2.20.1
v2.18.1,2020-02-20T17:38:03+11:00,e0902f6c49fe4edbe2e52c9691ed971f695a17bc,SynthsDEFI,0xE725d6Ff29d0679C9Cb6Fa8972a1E8a7FB49610B,replaced,v2.20.1
v2.18.1,2020-02-20T17:38:03+11:00,e0902f6c49fe4edbe2e52c9691ed971f695a17bc,SynthiXRP,0xccda7941aB1AC7a32F49843c0b3EDF618b20F6Ae,replaced,v2.20.1
v2.18.1,2020-02-20T17:38:03+11:00,e0902f6c49fe4edbe2e52c9691ed971f695a17bc,SynthiLINK,0x8c6680412e914932A9abC02B6c7cbf690e583aFA,replaced,v2.20.1
v2.18.1,2020-02-20T17:38:03+11:00,e0902f6c49fe4edbe2e52c9691ed971f695a17bc,SynthiLTC,0xfca2e82E5414c695c81b99D753b0b11c50bDC93D,replaced,v2.20.1
v2.18.1,2020-02-20T17:38:03+11:00,e0902f6c49fe4edbe2e52c9691ed971f695a17bc,SynthiDEFI,0xaE7D62Fb6a305E6d9E9F8c43bbb41093c2bE52f6,replaced,v2.20.1
v2.18.1,2020-02-20T17:38:03+11:00,e0902f6c49fe4edbe2e52c9691ed971f695a17bc,AddressResolver,0xFbB6526ed92DA8915d4843a86166020d0B7bAAd0,current,
v2.18.1,2020-02-20T17:38:03+11:00,e0902f6c49fe4edbe2e52c9691ed971f695a17bc,Exchanger,0x6289fd70d3Dce8DE61896959cdEfcFF3cE46A108,replaced,v2.20.1
v2.18.1,2020-02-20T17:38:03+11:00,e0902f6c49fe4edbe2e52c9691ed971f695a17bc,ExchangeState,0x545973f28950f50fc6c7F52AAb4Ad214A27C0564,current,
v2.18.1,2020-02-20T17:38:03+11:00,e0902f6c49fe4edbe2e52c9691ed971f695a17bc,Issuer,0x23Bf838AF72Ee8F43870A73947d8F4Edb63adAe3,replaced,v2.19.6
v2.18.1,2020-02-20T17:38:03+11:00,e0902f6c49fe4edbe2e52c9691ed971f695a17bc,EtherCollateral,0x0F3d8ad599Be443A54c7934B433A87464Ed0DFdC,current,
v2.19.6,2020-02-28T14:01:33+11:00,176e5a241248b58f6a017553a70328612670cb07,Unipool,0x48D7f315feDcaD332F68aafa017c7C158BC54760,current,
v2.19.6,2020-02-28T14:01:33+11:00,176e5a241248b58f6a017553a70328612670cb07,Synthetix,0x8454190C164e52664Af2c9C24ab58c4e14D6bbE4,replaced,v2.20.1
v2.19.6,2020-02-28T14:01:33+11:00,176e5a241248b58f6a017553a70328612670cb07,Issuer,0x357b58E0b1Be9d8A944380048fa1080c57c7A362,replaced,v2.20.1
v2.19.6,2020-02-28T14:01:33+11:00,176e5a241248b58f6a017553a70328612670cb07,IssuanceEternalStorage,0x631E93A0fb06B5eC6d52c0A2D89a3f9672d6Ba64,current,
v2.20.1,2020-03-31T15:11:35+11:00,5f48ad4d4fe2e59d07de3d064492d2a5cf31a5f2,FeePool,0x8a34AefF4cDed94aFa786fcf811A6307aA7c656a,current,
v2.20.1,2020-03-31T15:11:35+11:00,5f48ad4d4fe2e59d07de3d064492d2a5cf31a5f2,Synthetix,0x2987252148e34863612Ac7f4Ef3260de0C2A68f7,current,
v2.20.1,2020-03-31T15:11:35+11:00,5f48ad4d4fe2e59d07de3d064492d2a5cf31a5f2,SynthsAUD,0xe04d8770Dc06135Dd97214ea8bcbf7B1CC057AA3,current,
v2.20.1,2020-03-31T15:11:35+11:00,5f48ad4d4fe2e59d07de3d064492d2a5cf31a5f2,SynthsBTC,0x17628A557d1Fc88D1c35989dcBAC3f3e275E2d2B,current,
v2.20.1,2020-03-31T15:11:35+11:00,5f48ad4d4fe2e59d07de3d064492d2a5cf31a5f2,SynthsCHF,0x253914cf059f4c3E277c28060C404acFc38FB6e2,current,
v2.20.1,2020-03-31T15:11:35+11:00,5f48ad4d4fe2e59d07de3d064492d2a5cf31a5f2,SynthsEUR,0x2fB419E7023b32201e9aB3aba947f5c101a5C30e,current,
v2.20.1,2020-03-31T15:11:35+11:00,5f48ad4d4fe2e59d07de3d064492d2a5cf31a5f2,SynthsGBP,0xB3098Ae40f488ffdb979827Fd01597CC20c5a5A0,current,
v2.20.1,2020-03-31T15:11:35+11:00,5f48ad4d4fe2e59d07de3d064492d2a5cf31a5f2,SynthsJPY,0x8ed1B71B00DbaB96A6db6DF0C910f749243de6D3,current,
v2.20.1,2020-03-31T15:11:35+11:00,5f48ad4d4fe2e59d07de3d064492d2a5cf31a5f2,SynthsUSD,0xAe38b81459d74A8C16eAa968c792207603D84480,current,
v2.20.1,2020-03-31T15:11:35+11:00,5f48ad4d4fe2e59d07de3d064492d2a5cf31a5f2,SynthsXAG,0x1B9d6cD65dDC981410cb93Af91B097667E0Bc7eE,current,
v2.20.1,2020-03-31T15:11:35+11:00,5f48ad4d4fe2e59d07de3d064492d2a5cf31a5f2,SynthsXAU,0xA408d8e01C8E084B67559226C5B55D6F0B7074e2,current,
v2.20.1,2020-03-31T15:11:35+11:00,5f48ad4d4fe2e59d07de3d064492d2a5cf31a5f2,SynthsETH,0xD0DC005d31C2979CC0d38718e23c82D1A50004C0,current,
v2.20.1,2020-03-31T15:11:35+11:00,5f48ad4d4fe2e59d07de3d064492d2a5cf31a5f2,SynthsBNB,0xadaD43Be81E2206f6D1aF4299cA2a029e16af7AB,current,
v2.20.1,2020-03-31T15:11:35+11:00,5f48ad4d4fe2e59d07de3d064492d2a5cf31a5f2,SynthiBTC,0xc704c9AA89d1ca60F67B3075d05fBb92b3B00B3B,current,
v2.20.1,2020-03-31T15:11:35+11:00,5f48ad4d4fe2e59d07de3d064492d2a5cf31a5f2,SynthiETH,0xaE55F163337A2A46733AA66dA9F35299f9A46e9e,current,
v2.20.1,2020-03-31T15:11:35+11:00,5f48ad4d4fe2e59d07de3d064492d2a5cf31a5f2,SynthiBNB,0xf86048DFf23cF130107dfB4e6386f574231a5C65,current,
v2.20.1,2020-03-31T15:11:35+11:00,5f48ad4d4fe2e59d07de3d064492d2a5cf31a5f2,DelegateApprovals,0x15fd6e554874B9e70F832Ed37f231Ac5E142362f,current,
v2.20.1,2020-03-31T15:11:35+11:00,5f48ad4d4fe2e59d07de3d064492d2a5cf31a5f2,SynthsMKR,0xD1599E478cC818AFa42A4839a6C665D9279C3E50,deleted,
v2.20.1,2020-03-31T15:11:35+11:00,5f48ad4d4fe2e59d07de3d064492d2a5cf31a5f2,SynthsTRX,0xC4Be4583bc0307C56CF301975b2B2B1E5f95fcB2,current,
v2.20.1,2020-03-31T15:11:35+11:00,5f48ad4d4fe2e59d07de3d064492d2a5cf31a5f2,SynthsXTZ,0x91DBC6f587D043FEfbaAD050AB48696B30F13d89,current,
v2.20.1,2020-03-31T15:11:35+11:00,5f48ad4d4fe2e59d07de3d064492d2a5cf31a5f2,SynthiMKR,0x1228c7D8BBc5bC53DB181bD7B1fcE765aa83bF8A,deleted,
v2.20.1,2020-03-31T15:11:35+11:00,5f48ad4d4fe2e59d07de3d064492d2a5cf31a5f2,SynthiTRX,0xdD87cbDe3C1f8F728C7924c8C9C983Af6dfcfeA8,current,
v2.20.1,2020-03-31T15:11:35+11:00,5f48ad4d4fe2e59d07de3d064492d2a5cf31a5f2,SynthiXTZ,0x6dFDFbfB4B180be4482F8b753fb33720C2831a9f,current,
v2.20.1,2020-03-31T15:11:35+11:00,5f48ad4d4fe2e59d07de3d064492d2a5cf31a5f2,SynthsCEX,0x5eA2544551448cF6DcC1D853aDdd663D480fd8d3,current,
v2.20.1,2020-03-31T15:11:35+11:00,5f48ad4d4fe2e59d07de3d064492d2a5cf31a5f2,SynthiCEX,0x817c39c8825e12eA7752483c85dd2c800b78B357,current,
v2.20.1,2020-03-31T15:11:35+11:00,5f48ad4d4fe2e59d07de3d064492d2a5cf31a5f2,SynthsXRP,0xF5d0BFBc617d3969C1AcE93490A76cE80Db1Ed0e,current,
v2.20.1,2020-03-31T15:11:35+11:00,5f48ad4d4fe2e59d07de3d064492d2a5cf31a5f2,SynthsLTC,0x6cF29c515A33209c6eCa43c293004ac80c0614f0,current,
v2.20.1,2020-03-31T15:11:35+11:00,5f48ad4d4fe2e59d07de3d064492d2a5cf31a5f2,SynthsLINK,0xAf918f4a72BC34E59dFaF65866feC87947F1f590,current,
v2.20.1,2020-03-31T15:11:35+11:00,5f48ad4d4fe2e59d07de3d064492d2a5cf31a5f2,SynthsDEFI,0xf5a6115Aa582Fd1BEEa22BC93B7dC7a785F60d03,current,
v2.20.1,2020-03-31T15:11:35+11:00,5f48ad4d4fe2e59d07de3d064492d2a5cf31a5f2,SynthiXRP,0x71Cd588eFA3609bc14E7B0c7C57dDDfd3a72E8a2,current,
v2.20.1,2020-03-31T15:11:35+11:00,5f48ad4d4fe2e59d07de3d064492d2a5cf31a5f2,SynthiLINK,0x63d630B6D89c21E171E86c51C7243284510DBd79,current,
v2.20.1,2020-03-31T15:11:35+11:00,5f48ad4d4fe2e59d07de3d064492d2a5cf31a5f2,SynthiLTC,0x0f5BdfD0958345C2e7Adb1741024aEd6Dd159e6C,current,
v2.20.1,2020-03-31T15:11:35+11:00,5f48ad4d4fe2e59d07de3d064492d2a5cf31a5f2,SynthiDEFI,0x489d4D4c4bC781EAab3A36C44d66762Ceb6e1e2D,current,
v2.20.1,2020-03-31T15:11:35+11:00,5f48ad4d4fe2e59d07de3d064492d2a5cf31a5f2,Exchanger,0x271d0C1940fE546e787B273A0CCc780ECD8db461,current,
v2.20.1,2020-03-31T15:11:35+11:00,5f48ad4d4fe2e59d07de3d064492d2a5cf31a5f2,Issuer,0xdE51788d7113bCf845b62B878bD5Ed971A49CF85,current,
v2.20.1,2020-03-31T15:11:35+11:00,5f48ad4d4fe2e59d07de3d064492d2a5cf31a5f2,SystemStatus,0x4534E92eefecc63C6105F53893D355C14aA129cf,current,
v2.20.1,2020-03-31T15:11:35+11:00,5f48ad4d4fe2e59d07de3d064492d2a5cf31a5f2,DelegateApprovalsEternalStorage,0x8F586F063ffbb89b186C8e604FC6614766f9C9d1,current,
v2.21.6,2020-04-02T20:34:45+11:00,749da0208911b419eedc9dd5c6dc8e229e3dd30b,TokenStatesEOS,0x631443C4121ca7B4c90dC79a37B1DcE8B79aDeEc,current,
v2.21.6,2020-04-02T20:34:45+11:00,749da0208911b419eedc9dd5c6dc8e229e3dd30b,ProxysEOS,0x88C8Cf3A212c0369698D13FE98Fcb76620389841,current,
v2.21.6,2020-04-02T20:34:45+11:00,749da0208911b419eedc9dd5c6dc8e229e3dd30b,SynthsEOS,0x31a9c51eEd5282F11ae5CDD061A65A4ce0346C08,current,
v2.21.6,2020-04-02T20:34:45+11:00,749da0208911b419eedc9dd5c6dc8e229e3dd30b,TokenStatesBCH,0xb7ee031093B9578DF124983823330BBe277FD8b4,current,
v2.21.6,2020-04-02T20:34:45+11:00,749da0208911b419eedc9dd5c6dc8e229e3dd30b,ProxysBCH,0x36a2422a863D5B950882190Ff5433E513413343a,current,
v2.21.6,2020-04-02T20:34:45+11:00,749da0208911b419eedc9dd5c6dc8e229e3dd30b,SynthsBCH,0x9b68b85c61B082B2495B342F26B20a57cFd73D26,current,
v2.21.6,2020-04-02T20:34:45+11:00,749da0208911b419eedc9dd5c6dc8e229e3dd30b,TokenStatesETC,0xd4DB55Cf39c37BEAa3A47F2555D57B4ea2d9Ff39,current,
v2.21.6,2020-04-02T20:34:45+11:00,749da0208911b419eedc9dd5c6dc8e229e3dd30b,ProxysETC,0x22602469d704BfFb0936c7A7cfcD18f7aA269375,current,
v2.21.6,2020-04-02T20:34:45+11:00,749da0208911b419eedc9dd5c6dc8e229e3dd30b,SynthsETC,0x2369D37ae9B30451D859C11CAbAc70df1CE48F78,current,
v2.21.6,2020-04-02T20:34:45+11:00,749da0208911b419eedc9dd5c6dc8e229e3dd30b,TokenStatesDASH,0x136b1EC699c62b0606854056f02dC7Bb80482d63,current,
v2.21.6,2020-04-02T20:34:45+11:00,749da0208911b419eedc9dd5c6dc8e229e3dd30b,ProxysDASH,0xfE33ae95A9f0DA8A845aF33516EDc240DCD711d6,current,
v2.21.6,2020-04-02T20:34:45+11:00,749da0208911b419eedc9dd5c6dc8e229e3dd30b,SynthsDASH,0xc66499aCe3B6c6a30c784bE5511E8d338d543913,current,
v2.21.6,2020-04-02T20:34:45+11:00,749da0208911b419eedc9dd5c6dc8e229e3dd30b,TokenStatesXMR,0x23d5381713841724A67B731026b32322228cA3C7,current,
v2.21.6,2020-04-02T20:34:45+11:00,749da0208911b419eedc9dd5c6dc8e229e3dd30b,ProxysXMR,0x5299d6F7472DCc137D7f3C4BcfBBB514BaBF341A,current,
v2.21.6,2020-04-02T20:34:45+11:00,749da0208911b419eedc9dd5c6dc8e229e3dd30b,SynthsXMR,0x86FD9c0261E804476bA11056fFD758da2469ed56,current,
v2.21.6,2020-04-02T20:34:45+11:00,749da0208911b419eedc9dd5c6dc8e229e3dd30b,TokenStatesADA,0x9956c5019a24fbd5B506AD070b771577bAc5c343,current,
v2.21.6,2020-04-02T20:34:45+11:00,749da0208911b419eedc9dd5c6dc8e229e3dd30b,ProxysADA,0xe36E2D3c7c34281FA3bC737950a68571736880A1,current,
v2.21.6,2020-04-02T20:34:45+11:00,749da0208911b419eedc9dd5c6dc8e229e3dd30b,SynthsADA,0x1Cda42C559D2EB137103D9A01d1ae736dEDA3aEF,current,
v2.21.6,2020-04-02T20:34:45+11:00,749da0208911b419eedc9dd5c6dc8e229e3dd30b,TokenStatesFTSE,0xD1B420854527e4b0e489bd37ec8f9DB1E6305515,current,
v2.21.6,2020-04-02T20:34:45+11:00,749da0208911b419eedc9dd5c6dc8e229e3dd30b,ProxysFTSE,0x23348160D7f5aca21195dF2b70f28Fce2B0be9fC,current,
v2.21.6,2020-04-02T20:34:45+11:00,749da0208911b419eedc9dd5c6dc8e229e3dd30b,SynthsFTSE,0x8D34924EAe7578692775fDd94Ed27bc355397E4a,current,
v2.21.6,2020-04-02T20:34:45+11:00,749da0208911b419eedc9dd5c6dc8e229e3dd30b,TokenStatesNIKKEI,0xc69D8B688a309FDEa9273DDE1A46bF1e51928a55,current,
v2.21.6,2020-04-02T20:34:45+11:00,749da0208911b419eedc9dd5c6dc8e229e3dd30b,ProxysNIKKEI,0x757de3ac6B830a931eF178C6634c5C551773155c,current,
v2.21.6,2020-04-02T20:34:45+11:00,749da0208911b419eedc9dd5c6dc8e229e3dd30b,SynthsNIKKEI,0x4CeB220C5E38E27ef5187F7ab853aC182D233d39,current,
v2.21.6,2020-04-02T20:34:45+11:00,749da0208911b419eedc9dd5c6dc8e229e3dd30b,TokenStateiEOS,0x68a8b098967Ae077dcFf5cC8E29B7cb15f1A3cC8,current,
v2.21.6,2020-04-02T20:34:45+11:00,749da0208911b419eedc9dd5c6dc8e229e3dd30b,ProxyiEOS,0xF4EebDD0704021eF2a6Bbe993fdf93030Cd784b4,current,
v2.21.6,2020-04-02T20:34:45+11:00,749da0208911b419eedc9dd5c6dc8e229e3dd30b,SynthiEOS,0xc66a263f2C7C1Af0bD70c6cA4Bff5936F3D6Ef9F,current,
v2.21.6,2020-04-02T20:34:45+11:00,749da0208911b419eedc9dd5c6dc8e229e3dd30b,TokenStateiBCH,0x780a7206313F411db5f32c79B15B1C80FaABED59,current,
v2.21.6,2020-04-02T20:34:45+11:00,749da0208911b419eedc9dd5c6dc8e229e3dd30b,ProxyiBCH,0xf6E9b246319ea30e8C2fA2d1540AAEBF6f9E1B89,current,
v2.21.6,2020-04-02T20:34:45+11:00,749da0208911b419eedc9dd5c6dc8e229e3dd30b,SynthiBCH,0x0E87a320daCE86A0b427FA2Bae282dE5c7697278,current,
v2.21.6,2020-04-02T20:34:45+11:00,749da0208911b419eedc9dd5c6dc8e229e3dd30b,TokenStateiETC,0x71892d13BA2b19f196760f619eE9C67534a49E37,current,
v2.21.6,2020-04-02T20:34:45+11:00,749da0208911b419eedc9dd5c6dc8e229e3dd30b,ProxyiETC,0xd50c1746D835d2770dDA3703B69187bFfeB14126,current,
v2.21.6,2020-04-02T20:34:45+11:00,749da0208911b419eedc9dd5c6dc8e229e3dd30b,SynthiETC,0xF13f9E75913b352622F8AEEA5Ac32498b1C228d0,current,
v2.21.6,2020-04-02T20:34:45+11:00,749da0208911b419eedc9dd5c6dc8e229e3dd30b,TokenStateiDASH,0x01ADA1140cA795897c45016Dfd296382267b264a,current,
v2.21.6,2020-04-02T20:34:45+11:00,749da0208911b419eedc9dd5c6dc8e229e3dd30b,ProxyiDASH,0xCB98f42221b2C251A4E74A1609722eE09f0cc08E,current,
v2.21.6,2020-04-02T20:34:45+11:00,749da0208911b419eedc9dd5c6dc8e229e3dd30b,SynthiDASH,0x5f7A299Be82D8f5A626300c62C477b233F616121,current,
v2.21.6,2020-04-02T20:34:45+11:00,749da0208911b419eedc9dd5c6dc8e229e3dd30b,TokenStateiXMR,0xE20117888AB22ACF65b02C196A9f8423b502876c,current,
v2.21.6,2020-04-02T20:34:45+11:00,749da0208911b419eedc9dd5c6dc8e229e3dd30b,ProxyiXMR,0x4AdF728E2Df4945082cDD6053869f51278fae196,current,
v2.21.6,2020-04-02T20:34:45+11:00,749da0208911b419eedc9dd5c6dc8e229e3dd30b,SynthiXMR,0xC5D2b3f5DAf11B6111Af86a72A5938B0fE6c5045,current,
v2.21.6,2020-04-02T20:34:45+11:00,749da0208911b419eedc9dd5c6dc8e229e3dd30b,TokenStateiADA,0xD636802A5b903b23726189D9B89daAD2750177FA,current,
v2.21.6,2020-04-02T20:34:45+11:00,749da0208911b419eedc9dd5c6dc8e229e3dd30b,ProxyiADA,0x8A8079c7149B8A1611e5C5d978DCA3bE16545F83,current,
v2.21.6,2020-04-02T20:34:45+11:00,749da0208911b419eedc9dd5c6dc8e229e3dd30b,SynthiADA,0x9D4193187B247a400E8D8ba716F1C18c0dC65528,current,
v2.21.12,2020-05-08T12:39:10-04:00,f58137b393147a821ae98eff984d9fcd25a778e6,ReadProxyAddressResolver,0x4E3b31eB0E5CB73641EE1E65E7dCEFe520bA3ef2,current,
